<?xml version="1.0" encoding="UTF-8" standalone="yes"?>
<manifest>
  <control namespace="PigsDocViewerComponentDemo" constructor="PigsDocViewerComponentDemo" version="1.0.0" display-name-key="PigsDocViewerComponentDemo" description-key="PigsDocViewerComponentDemo description" control-type="standard" api-version="1.3.15">
    <external-service-usage enabled="false"/>
    <property name="document" display-name-key="document" description-key="document" of-type="SingleLine.Text" usage="input" required="true"/>
    <property name="viewerwidth" display-name-key="viewerwidth" description-key="viewerwidth" of-type="SingleLine.Text" usage="input" required="true" default-value="600"/>
    <property name="viewerheight" display-name-key="viewerheight" description-key="viewerheight" of-type="SingleLine.Text" usage="input" required="true" default-value="600"/>
    <property name="pdfdocument" display-name-key="pdfdocument" description-key="pdfdocument" of-type="Multiple" usage="bound"/>
    <resources>
      <code path="bundle.js" order="1"/>
    </resources>
    <built-by name="pac" version="1.34.3"/>
  </control>
</manifest>